kl_hash,kl_threat_score,kl_category,kl_first_seen,kl_popularity,kl_threat
F3CF59000CEC072C0E83D21111788269788C8E8C,100,botnet_cncand tor_node,09.03.2020 10:41,2,HEUR:Backdoor.Linux.Gafgyt.bj
9BD712C6EE0FD8DC9950C9B4283E808838014BA8,100,botnet_cncand tor_node,09.03.2020 10:41,2,HEUR:Backdoor.Linux.Mirai.b
60B7CDCE3FCBF4D5CFC43CF640861B1533B1D363,100,botnet_cncand tor_node,09.03.2020 10:41,2,HEUR:Backdoor.Linux.Mirai.b
74BC742B036481A440353CCF83E9821FA6678787,100,botnet_cnc,08.03.2020 03:12,2,HEUR:Backdoor.Linux.Tsunami.ci
0AE9CAD017CF05BD4BDB02AE3A3453AFED9369E6,100,botnet_cnc,06.11.2019 19:24,2,HEUR:Trojan.Win32.Generic
075BAD07CB6E8C9067C53940A2B525948FC69606,100,botnet_cnc,06.11.2019 19:24,2,Trojan.Win32.MicroFake.ba
62EBA82296A6D1BECBC0ABFF42E1AF5DBAD612F5,100,botnet_cnc,10.03.2020 03:11,2,HEUR:Trojan.Script.Generic
60B7CDCE3FCBF4D5CFC43CF640861B1533B1D363,100,botnet_cnc,10.03.2020 03:11,2,HEUR:Backdoor.Linux.Mirai.b
89E4A17EC87E5079BD0F30F4E248A3C343F3021B,100,botnet_cnc,25.07.2019 13:41,2,HEUR:Trojan-Downloader.Script.Generic
B3B2D8318CAD6E476D06877C6E9BB087B85C83FD,100,malware,25.02.2020 10:51,2,HEUR:Trojan.Win32.Zenpak.vho
1DEC131B2A48D231919BAC27984C71E22E6C077D,100,malware,05.03.2020 12:07,2,Trojan.Win32.Vebzenpak.ctd
C6F40AE936FBC6EE515CD41AFE4CB1025A442306,100,malware,05.03.2020 12:07,2,Trojan-PSW.Win32.Azorult.alhn
76FA05C2334E9DF8F7CACF0DCCAA5F7D87D84C6F,100,malware,27.02.2020 11:44,2,UDS:DangerousObject.Multi.Generic
C324448E0D7588AC7769CD85346CCCFF83B4A1A9,100,malware,27.02.2020 11:44,2,Backdoor.Win32.Agent.mytstl
C0B6D187B8222746229DACA9ADCB0A7F702787EB,100,malware,27.02.2020 11:44,2,UDS:DangerousObject.Multi.Generic
65194CF490D03243805B75B3429A10EBF9AA6D1D,100,malware,27.02.2020 11:44,2,VHO:Trojan-Banker.Win32.Gozi.hxl
906A1A2A4DC5405DD8CF05FB4D671770515E852D,100,malware,14.01.2020 10:14,2,HEUR:Trojan-PSW.Script.Generic
76494B5EEC76FFD39DF2F695C80D370E0DAD8AAB,100,malware,14.01.2020 10:14,2,HEUR:Trojan-PSW.Script.Generic
D6CD71D3C127CE397EC049C0234F29FE28AE31D5,75,malware,24.10.2019 02:04,5,HEUR:Hoax.Script.Dating.gen
8C2B6C5226B496542C028C8D24E2E103C59F6FF9,75,malware,17.10.2017 15:38,2,HEUR:Trojan.Win32.Garvi.gen
C3C6290DD371311A315CB0EC80931CDD1FCA23C2,75,malware,17.10.2017 15:38,2,HEUR:Trojan.Win32.Garvi.gen
09B03A8F19852F45633B0C1B7A2D95C9B4F77818,75,malware,17.10.2017 15:38,2,HEUR:Trojan.Win32.Garvi.gen
C17F98C182D299845C54069872E8137645768A1A,74,spamand malware,19.08.2019 16:00,2,HEUR:Trojan.Win32.Generic
E27CA9253290C3B7D69D0DD8D5FDA01407E39589,73,malware,16.12.2019 14:02,4,HEUR:Hoax.Script.Loss.gen
09D01C05AAF90F3F4DE3427FF787415A1C6FC5C6,72,malware,22.11.2019 22:47,2,HEUR:Trojan.Script.Generic
6112C0AC8296F5EC2181B8CCA339DDEEEA6B923C,72,malware,22.11.2019 22:47,2,HEUR:Trojan.Script.Generic
A62AC819EB04BF54FF2B5AE79CE475453DD9B7EB,70,malware,02.06.2016 04:58,4,HEUR:Trojan.Script.Generic
9DBA810E40AC192D7CDDF632288824DAA469A45D,70,malware,13.06.2019 07:22,4,HEUR:Trojan.Script.Generic
E7D9A0D040BDA7E00A9C124D503CB52F55E2124B,70,malware,13.06.2019 07:22,4,HEUR:Hoax.Script.Loss.gen
795FE8C72E4CA34864311315A92B44389FB0ED3A,70,malware,13.06.2019 07:22,4,HEUR:Trojan.Script.Generic
049EC4CE31C74FE88FDEE9274B89777235481299,70,malware,13.06.2019 07:22,4,HEUR:Trojan.Script.Generic
6FFABB123531389D7D521CB06F4ABE29250191D5,70,malware,13.06.2019 07:22,4,HEUR:Hoax.Script.Loss.gen
71D3257909632BB9371DC4B9B6E3568493DE89F0,70,malware,13.06.2019 07:22,4,HEUR:Trojan.Script.Generic
CE2B54577610A977DB4F8FD1FC677B8A2D9266CE,70,malware,13.06.2019 07:22,4,HEUR:Trojan.Script.Generic
2A4C9C989226615AD83CDC960A629ECA038D2DBC,70,malware,13.06.2019 07:22,4,HEUR:Hoax.Script.Loss.gen
B354D4648585D815B6E8DAE20DBA767F0B4CA650,70,malware,13.06.2019 07:22,4,HEUR:Trojan.Script.Generic
47EF49FAD3867F8DBA79986726D6D71FE6DD9AAA,70,malware,13.06.2019 07:22,4,HEUR:Hoax.Script.Loss.gen
5667ACC8D0085E13EF432B82892345BBC63D4CEF,70,malware,23.11.2017 06:10,4,UDS:DangerousObject.Multi.Generic
12931F86CDC98BF2E9377D107183A108CD8ADFBC,70,malware,23.11.2017 06:10,4,HEUR:Trojan.Script.Miner.gen
2E7D717325A3A2BED4CC8983BB51578A33125AF0,70,malware,08.04.2020 08:06,3,HEUR:Trojan-PSW.Script.Generic
A57DDFA854FA8F2AF6D00D49B2F72C99B1718E3D,70,malware,08.04.2020 08:06,3,HEUR:Trojan-PSW.Script.Generic
1F6B6734531AEE095B1E0B4DB00D31FDCA8BF53E,70,malware,08.04.2020 08:06,3,HEUR:Trojan-PSW.Script.Generic
FA85F69A64FBFB78715B2B7107FB4DEE9BD7C22C,70,malware,05.07.2019 12:18,2,HEUR:Trojan.Script.SAgent.gen
90A156D7014E2E041860242BEA07403BCCC2E79D,70,malware,27.09.2019 11:29,2,HEUR:Trojan.Script.Generic
96C8B69356AAE156EA581F1B3CFD18434789A87E,70,malware,27.09.2019 11:29,2,HEUR:Trojan.Script.Generic
DAED1AA3924B89ED70F747C2B6FDA1630A1C2223,70,malware,27.09.2019 11:29,2,HEUR:Trojan.Script.Generic
D2A749CD8ED98BD593865BC2380CA50219626705,70,malware,27.09.2019 11:29,2,HEUR:Trojan.Script.Generic
E57777256981D4D6DE0E7C53D6F44E64D3CB623E,70,malware,27.09.2019 11:29,2,HEUR:Trojan.Script.Generic
416D46BFA75E0C7AF484152AEB22A1B6919AF17B,70,malware,27.09.2019 11:29,2,HEUR:Trojan.Script.Generic
D376CD8B6CBF45E5B914C6C3C49084BECBB5930C,70,malware,27.09.2019 11:29,2,HEUR:Trojan.Script.Generic
1012AF724E3F1E94B34765F8BBA38B84BEB6BD89,70,malware,27.09.2019 11:29,2,HEUR:Trojan.Script.Generic
615BEEEA586381E77356BDC03D0677423A424E49,70,malware,27.09.2019 11:29,2,HEUR:Trojan.Script.Generic
0BD4938176C9E0B5A203155103095825483CB85F,70,malware,27.09.2019 11:29,2,HEUR:Trojan.Script.Generic
984AC7557C09E82394A6F2FEFA40E2F866E18373,70,malware,07.03.2019 02:32,2,HEUR:Trojan.Script.Generic
D35659B92FB3ADBA7D10470C44AAECD2DCBE0354,70,malware,25.02.2020 12:32,2,HEUR:Trojan.Script.Redirector.gen
4A3CDCFE5373E6F4A2EDEC2576CF7E3F1741CDFF,70,malware,09.04.2020 13:05,2,HEUR:Trojan.Script.Generic
5593F3880549C9FC50C8DCC5AFD256F5940DDFF0,70,malware,09.04.2020 13:05,2,HEUR:Trojan.Script.Generic
DBBA99C68209A08019E5DF29AC2A37C58AD3EF7E,70,malware,09.04.2020 13:05,2,HEUR:Trojan.Script.Generic
D966E6D524E3B3526A46B6318CBB826C670CEA6C,70,malware,09.04.2020 13:05,2,HEUR:Trojan.Script.Generic
9AB10BFE4096DDD7B06A968369D618B184635810,70,malware,09.04.2020 13:05,2,HEUR:Trojan.WinLNK.Agent.gen
0FBA84F3CE39B64E67D90CFCA5CE65D644E1530B,70,malware,09.04.2020 13:05,2,HEUR:Trojan.WinLNK.Agent.gen
162D735708F7846CCB60B8E6EF03DBF42766B7F2,70,malware,09.04.2020 13:05,2,HEUR:Trojan.WinLNK.Agent.gen
6C51B6BE52FF66F9EA439726FD02B8E428FD856D,70,malware,09.04.2020 13:05,2,HEUR:Trojan.Script.Generic
ED94D9457221D4A3055B69C144D864AF49EDAB6C,70,malware,09.04.2020 13:05,2,HEUR:Trojan.WinLNK.Agent.gen
20346C0E1FA060AE009E4D46EFF5831E49CE1071,70,malware,09.06.2016 10:36,1,Trojan-Dropper.VBS.Agent.bp
44917424B0EADFE990939EDE7CD1EB98CB08F75E,68,malware,06.02.2020 01:28,3,HEUR:Trojan.Script.Generic
7262FB79D8BCA5BDB5C2877F8A37CE21F408C5F8,68,malware,11.04.2020 19:47,2,Trojan-PSW.Win32.Coins.wfc
978DD29D5F80D9B73E5CB1209567E453BDB451DB,68,malware,11.04.2020 19:47,2,Trojan-PSW.Win32.Coins.wfn
09D01C05AAF90F3F4DE3427FF787415A1C6FC5C6,68,malware,22.11.2019 18:28,2,HEUR:Trojan.Script.Generic
6112C0AC8296F5EC2181B8CCA339DDEEEA6B923C,68,malware,22.11.2019 18:28,2,HEUR:Trojan.Script.Generic
3C2BBEC67CF2E054593C91305FEA0D6A60D26E52,68,malware,21.11.2019 11:11,2,HEUR:Trojan.Script.Generic
0C1CB0B16CF5319282AFE533E418F16737A2BE3B,68,malware,21.11.2019 11:11,2,HEUR:Trojan.Script.Agent.gen
6112C0AC8296F5EC2181B8CCA339DDEEEA6B923C,68,malware,21.11.2019 11:11,2,HEUR:Trojan.Script.Generic
526FC3979A57FFDC8D351E05298C34784BD27498,68,malware,21.11.2019 11:11,2,HEUR:Trojan.Script.Agent.gen
44917424B0EADFE990939EDE7CD1EB98CB08F75E,68,malware,21.11.2019 11:11,2,HEUR:Trojan.Script.Generic
D6CD71D3C127CE397EC049C0234F29FE28AE31D5,67,malware,05.07.2018 00:54,2,HEUR:Hoax.Script.Dating.gen
6E75163DBAE932B8BF5BE9D325DFAFC27AAE0A56,67,malware,05.07.2018 00:54,2,HEUR:Hoax.Script.Dating.gen
B48D7B72C2959B34F607FE88EBB3764154571468,67,malware,05.07.2018 00:54,2,HEUR:Hoax.Script.Dating.gen
6112C0AC8296F5EC2181B8CCA339DDEEEA6B923C,67,malware,20.11.2019 21:42,2,HEUR:Trojan.Script.Generic
09D01C05AAF90F3F4DE3427FF787415A1C6FC5C6,67,malware,20.11.2019 21:42,2,HEUR:Trojan.Script.Generic
210464A776326EDD3877BA2F98673D4A87099DDA,66,malware,14.09.2019 00:32,3,Backdoor.Win32.Mokes.aihu
7BADC2AFE75F311A862DE7C0C7B0829B4A0E339C,66,malware,14.09.2019 00:32,3,Backdoor.Win32.Mokes.aife
2AE762DA53596082200B06348C1AB87E4C3A57A6,66,malware,14.09.2019 00:32,3,Backdoor.Win32.Mokes.aiid
167046E871DE7BAF6E1047C74DC4C51D7BF7B30A,66,malware,14.09.2019 00:32,3,Backdoor.Win32.Mokes.aijt
52EE51CC96CA43ACD50CC85F53E6D03A32FEDBCB,66,malware,14.09.2019 00:32,3,Backdoor.Win32.Mokes.ahzx
19F5B61E72E7BE0C9933B6FB0BA9436490763F4E,66,malware,14.09.2019 00:32,3,Backdoor.Win32.Mokes.aiiq
51FAB10B7927929FBF5EA038918315A5D1E3BAD1,66,malware,14.09.2019 00:32,3,Trojan-Downloader.Win32.Dofoil.cgxs
131CB0E5CA0F29FB174C23270271869FE0858CA3,66,malware,14.09.2019 00:32,3,Backdoor.Win32.Mokes.aijn
B179884DFC3AAFEEC45D1FC8262D209326AB279B,66,malware,14.09.2019 00:32,3,Backdoor.Win32.Mokes.aigi
554D55AD495F54303CDD2DB901068E0141E1BD5D,66,malware,14.09.2019 00:32,3,Backdoor.Win32.Mokes.aihk
7480DF44FB63B2132BD62EFA2D78D81C23E78ED0,66,malware,13.02.2020 18:34,2,HEUR:Trojan.Script.Generic
E221BF5C7D38C69CF20542B9868DB9CA310B9C83,66,malware,13.02.2020 18:34,2,HEUR:Trojan.Script.Generic
7AECF8A5C465280EDF5780042A8997FF7456BB78,66,malware,13.02.2020 18:34,2,HEUR:Trojan.Script.Generic
994A89A6273A530ECCF74383E525FF27E5983A13,66,malware,13.02.2020 18:34,2,HEUR:Trojan.Script.Generic
E4DF2202FE89F9B44CB7189198705806DE2D1FF2,66,malware,13.02.2020 18:34,2,HEUR:Trojan.Script.Generic
5CC9D1ACB91EA3C858C91E0EB3DDA20C396D5D90,66,malware,13.02.2020 18:34,2,HEUR:Trojan.Script.Generic
990F64E3018F25EEC362CFEC6FE058C87C17F2C7,66,malware,13.02.2020 18:34,2,HEUR:Trojan.Script.Generic
C84C1B04A39EE6F2DED3715206D775615D50A55C,66,malware,13.02.2020 18:34,2,HEUR:Trojan.Script.Generic
27691CB19224A0AF0477B39973CD69DD5CC934A0,66,malware,13.02.2020 18:34,2,HEUR:Trojan.Script.Generic
3261AA595E551AFC46BC206AD1D13C64519D11C3,66,malware,13.02.2020 18:34,2,HEUR:Trojan.Script.Generic
8FC947CCCBFC01A32747AC4BFA104EC5040021F9,65,malware,19.02.2019 08:51,2,HEUR:Trojan.Win32.Generic
F05A2AE6EC9829CF8A958578FDF7F004B6A4B584,65,malware,19.02.2019 08:51,2,Trojan.Win32.Crypt.akem
B48EBFFC7E9989E62E8FF5E3F595531846981A6C,65,malware,19.02.2019 08:51,2,HEUR:Trojan.Win32.Kryptik.gen
999F755D3E7FF29C83AD69977874827C89E3577B,65,malware,19.02.2019 08:51,2,HEUR:Worm.Win32.WBVB.vam
4C523951C30C2086EDAD9E793D538C4BE8A3AF20,65,malware,19.02.2019 08:51,2,HEUR:Trojan-PSW.MSIL.Agensla.gen
87BC707BDAB54D4A31788FFA77B529C366872CF2,65,malware,19.02.2019 08:51,2,HEUR:Backdoor.MSIL.NanoBot.gen
F5208420964220826BE4CE6C715570C6D349F068,65,malware,19.02.2019 08:51,2,HEUR:Exploit.MSOffice.Generic
C5713E40764C21647FC04FBA87374DD567166AD7,65,malware,19.02.2019 08:51,2,HEUR:Trojan.Win32.Generic
CA359F9E090711CDA6B58617C7C86A6C8B83990F,65,malware,19.02.2019 08:51,2,HEUR:Exploit.MSOffice.Generic
78288A46E3AD49F51B33D9245148D363454077FE,65,malware,19.02.2019 08:51,2,HEUR:Exploit.MSOffice.Generic
6112C0AC8296F5EC2181B8CCA339DDEEEA6B923C,65,malware,04.12.2019 13:03,2,HEUR:Trojan.Script.Generic
09D01C05AAF90F3F4DE3427FF787415A1C6FC5C6,65,malware,04.12.2019 13:03,2,HEUR:Trojan.Script.Generic
CF0B3739ED43C042AE3FAF13F36819397F3C1BCA,64,malware,23.09.2019 13:35,3,HEUR:Trojan.Script.Generic
3E3CADE0DE4BA3F68ADE766A1CD452A3F40FC8C8,64,malware,23.09.2019 13:35,3,HEUR:Trojan.Script.Generic
049EC4CE31C74FE88FDEE9274B89777235481299,64,malware,23.09.2019 13:35,3,HEUR:Trojan.Script.Generic
9D78931C9A478BD9BE89711955F577AD35C44376,64,malware,23.09.2019 13:35,3,HEUR:Trojan.Script.Generic
35808C5F66C85EBF76DCB0836DF39DFB86196EA3,64,malware,23.09.2019 13:35,3,HEUR:Trojan.Script.Generic
869EEB4A700BBA4DCA027D9E28397AEB71A6D08A,64,malware,23.09.2019 13:35,3,HEUR:Trojan.Script.Generic
94457CAF258FF675DF1EE4CADFA663A9B15560BC,64,malware,23.09.2019 13:35,3,HEUR:Trojan.Script.Generic
D6A03A735C0CD75F3C1226AD02F1900E645F8C4D,64,malware,23.09.2019 13:35,3,HEUR:Trojan.Script.Generic
9F332D033B1B590CD796636B8ACA4FAEFDF5E6B2,64,malware,23.09.2019 13:35,3,HEUR:Hoax.Script.Loss.gen
B354D4648585D815B6E8DAE20DBA767F0B4CA650,64,malware,23.09.2019 13:35,3,HEUR:Trojan.Script.Generic
3C2BBEC67CF2E054593C91305FEA0D6A60D26E52,64,malware,21.11.2019 16:05,2,HEUR:Trojan.Script.Generic
0C1CB0B16CF5319282AFE533E418F16737A2BE3B,64,malware,21.11.2019 16:05,2,HEUR:Trojan.Script.Agent.gen
6112C0AC8296F5EC2181B8CCA339DDEEEA6B923C,64,malware,21.11.2019 16:05,2,HEUR:Trojan.Script.Generic
09D01C05AAF90F3F4DE3427FF787415A1C6FC5C6,64,malware,21.11.2019 16:05,2,HEUR:Trojan.Script.Generic
C17F98C182D299845C54069872E8137645768A1A,64,malware,04.04.2020 15:18,2,HEUR:Trojan.Win32.Generic
09D01C05AAF90F3F4DE3427FF787415A1C6FC5C6,63,malware,20.11.2019 20:57,5,HEUR:Trojan.Script.Generic
6112C0AC8296F5EC2181B8CCA339DDEEEA6B923C,63,malware,20.11.2019 20:57,5,HEUR:Trojan.Script.Generic
408961FC89C4E20106B7BD66811AE80B6FDA4C70,63,malware,20.11.2019 20:57,5,HEUR:Trojan.Script.Generic
35E25CEDD3B4EFC8EE60F9B444A9D57ED36A49BB,63,malware,20.11.2019 20:57,5,HEUR:Trojan.Script.Generic
6B6D8A4791F67D0610CAC207055F74B4DEAAA2B2,63,malware,22.10.2019 22:32,5,Hoax.HTML.FraudLoad.m
2255714DA1509CF7DB4E2F951D1FD3BCB952C872,63,malware,22.10.2019 22:32,5,Hoax.HTML.FraudLoad.m
174B6CF703D0D11A23CBACCD0CACAA35E1DCDD7D,63,malware,22.10.2019 22:32,5,Hoax.HTML.FraudLoad.m
23FE96EE97512B5ABA66B226C0BB93AD01BEA090,63,malware,22.10.2019 22:32,5,Hoax.HTML.FraudLoad.m
798ED1E2A6D9288BBE9F8EE1A894FB2500171E49,63,malware,22.10.2019 22:32,5,Hoax.HTML.FraudLoad.m
376A340C9D3E59192EA1AAAB1A1400CD8915956B,63,malware,22.10.2019 22:32,5,Hoax.HTML.FraudLoad.m
16BF0DAE55D72FA6D04ADECFFC0B0CA68D35E0F7,63,malware,22.10.2019 22:32,5,Hoax.HTML.FraudLoad.m
75D0E386A11DFB1DFF42A2CDD44FFE42276925D4,63,malware,22.10.2019 22:32,5,Hoax.HTML.FraudLoad.m
571337B1CEE8BE90706AB817B0C391A182340245,63,malware,22.10.2019 22:32,5,Hoax.HTML.FraudLoad.m
E7FC362EAA54A6C21E3DA6C4BA640D26CDD924B9,63,malware,22.10.2019 22:32,5,Hoax.HTML.FraudLoad.m
5667ACC8D0085E13EF432B82892345BBC63D4CEF,63,malware,25.11.2017 03:51,5,UDS:DangerousObject.Multi.Generic
C8F4B79A669A3057CD715F16EF63295E9A0FC784,63,malware,25.11.2017 03:51,5,UDS:DangerousObject.Multi.Generic
AC61C393A1F9E2DDB4532F68716231B02B291454,63,malware,31.03.2020 04:32,4,HEUR:Trojan.Script.Generic
51B310FAC82FD250BECD742B1DC59735BF1FDB76,63,malware,31.03.2020 04:32,4,HEUR:Trojan.Script.Generic
9F3564B1DC604C88702C32756D25F65B65482A6D,63,malware,31.03.2020 04:32,4,HEUR:Trojan.Script.Generic
17CD3B6616D51CE8A6F0900EAB8020EC262250BA,63,malware,31.03.2020 04:32,4,HEUR:Trojan.Script.Generic
5667ACC8D0085E13EF432B82892345BBC63D4CEF,63,malware,23.11.2017 09:42,4,UDS:DangerousObject.Multi.Generic
17CD3B6616D51CE8A6F0900EAB8020EC262250BA,63,malware,12.04.2020 04:40,3,HEUR:Trojan.Script.Generic
FE78A4C883CF53C752515071F2CBB7A5A92459D5,63,malware,17.02.2020 22:58,3,HEUR:Trojan.Script.Miner.gen
FDA190CE2D04E4D971428D718AA33C5E47994AE6,63,malware,11.04.2020 17:54,2,HEUR:Trojan.Script.Generic
607698605D3EDB94EE633EBEA25E558187300FDE,63,malware,11.04.2020 17:54,2,HEUR:Trojan.Script.Generic
61352298C01DB64ABCD261B24809290226C2F88F,63,malware,11.04.2020 17:54,2,HEUR:Trojan.Script.Generic
7CEC4B42B4E94882B6E2EEA2251700A524334E0F,63,malware,17.08.2018 04:59,2,HEUR:Trojan-Spy.Win32.Stealer.gen
6B6B1244AEF67BD7101F4DD526F7717895CB219F,63,malware,17.08.2018 04:59,2,UDS:DangerousObject.Multi.Generic
6C51B6BE52FF66F9EA439726FD02B8E428FD856D,63,malware,09.04.2020 14:47,2,HEUR:Trojan.Script.Generic
F4875D0245B82FC2CDC84BA6E8AD436EB0D1D5D3,63,malware,09.04.2020 14:47,2,HEUR:Trojan.Script.Generic
4A3CDCFE5373E6F4A2EDEC2576CF7E3F1741CDFF,63,malware,09.04.2020 14:47,2,HEUR:Trojan.Script.Generic
9FF2FE5734187A499EAB4FAA236C6FE4D9738BA2,63,malware,09.04.2020 14:47,2,HEUR:Trojan.WinLNK.Agent.gen
ED5287901D2CBD73083602EF97E9A7405F61EC23,63,malware,09.04.2020 14:47,2,HEUR:Trojan.WinLNK.Agent.gen
A3DB583A55B901037FC7241E5953D143612AD3C6,63,malware,09.04.2020 14:47,2,HEUR:Trojan.WinLNK.Agent.gen
6BA10609A7C3215507E3BD3B8666DE043CD6250B,63,malware,09.04.2020 14:47,2,HEUR:Trojan.WinLNK.Agent.gen
035FF9706F9F3FFDB9AE1ADF2FEDBC01EE0D51F8,63,malware,09.04.2020 14:47,2,HEUR:Trojan.WinLNK.Agent.gen
91EFF89130902B0A17107A1F1A47DA7A8C787DE7,63,malware,09.04.2020 14:47,2,HEUR:Trojan.WinLNK.Agent.gen
B5E91D1C0729BFFD6023E43E893E342D05D4C4DE,63,malware,09.04.2020 14:47,2,HEUR:Trojan.WinLNK.Agent.gen
5593F3880549C9FC50C8DCC5AFD256F5940DDFF0,63,malware,09.04.2020 13:05,2,HEUR:Trojan.Script.Generic
A3DB583A55B901037FC7241E5953D143612AD3C6,63,malware,09.04.2020 13:05,2,HEUR:Trojan.WinLNK.Agent.gen
1E0170C702217795000DC744850FA12D3B331EFE,63,malware,09.04.2020 13:05,2,HEUR:Trojan.WinLNK.Agent.gen
F3E1E6A928F033E1F9C7687BCDB789D30DF24FC7,63,malware,09.04.2020 13:05,2,HEUR:Trojan.WinLNK.Agent.gen
357CC09731EC01150B25C6F2B2FAD4EC7BDCD838,63,malware,09.04.2020 13:05,2,HEUR:Trojan.WinLNK.Agent.gen
2441310D3537351BEA3AB64A42248B7E9D5D675E,63,malware,09.04.2020 13:05,2,HEUR:Trojan.Script.Generic
5C31882528A846005F0E3C72D7C66AE46E35E472,63,malware,09.04.2020 13:05,2,HEUR:Trojan.WinLNK.Agent.gen
94B5C74539C6F72B07E6F95843E1EC88037E00DF,63,malware,09.04.2020 13:05,2,HEUR:Trojan.WinLNK.Agent.gen
76DC602712C5AF526D5CD06674E7F4D031C0C24B,63,malware,09.04.2020 13:05,2,HEUR:Trojan.WinLNK.Agent.gen
27FB48558A7651BDC834A3674132080FA508AC17,63,malware,09.04.2020 13:05,2,HEUR:Trojan.WinLNK.Agent.gen
09D01C05AAF90F3F4DE3427FF787415A1C6FC5C6,63,malware,22.11.2019 03:32,2,HEUR:Trojan.Script.Generic
6112C0AC8296F5EC2181B8CCA339DDEEEA6B923C,63,malware,22.11.2019 03:32,2,HEUR:Trojan.Script.Generic
09D01C05AAF90F3F4DE3427FF787415A1C6FC5C6,63,malware,21.11.2019 11:11,2,HEUR:Trojan.Script.Generic
6112C0AC8296F5EC2181B8CCA339DDEEEA6B923C,63,malware,21.11.2019 11:11,2,HEUR:Trojan.Script.Generic
44917424B0EADFE990939EDE7CD1EB98CB08F75E,63,malware,21.11.2019 11:11,2,HEUR:Trojan.Script.Generic
AE890315A3C729ECC290F04F65F7EEC41FB75F97,63,malware,21.11.2019 11:11,2,HEUR:Trojan.Script.Generic
6112C0AC8296F5EC2181B8CCA339DDEEEA6B923C,63,malware,21.11.2019 02:36,2,HEUR:Trojan.Script.Generic
09D01C05AAF90F3F4DE3427FF787415A1C6FC5C6,63,malware,21.11.2019 02:36,2,HEUR:Trojan.Script.Generic
81E388EDB19E49E69FEC19FC59E33530B9DAC800,63,malware,10.04.2020 20:24,2,HEUR:Trojan-Downloader.Script.Generic
21ACE88A12D2BBB2704D1BEAF5D683047CD2155C,63,malware,10.04.2020 20:24,2,HEUR:Exploit.MSOffice.CVE-2017-8570.a
C90ABC17D71664D9E0A4947EE552721E802D26DE,63,malware,10.02.2020 22:29,2,HEUR:Trojan.Script.Generic
09D01C05AAF90F3F4DE3427FF787415A1C6FC5C6,62,malware,21.11.2019 10:08,2,HEUR:Trojan.Script.Generic
6112C0AC8296F5EC2181B8CCA339DDEEEA6B923C,62,malware,21.11.2019 10:08,2,HEUR:Trojan.Script.Generic
6112C0AC8296F5EC2181B8CCA339DDEEEA6B923C,62,malware,21.11.2019 02:34,2,HEUR:Trojan.Script.Generic
09D01C05AAF90F3F4DE3427FF787415A1C6FC5C6,62,malware,21.11.2019 02:34,2,HEUR:Trojan.Script.Generic
DA38CEF02B524AB2E998E6368A6110393563CF41,62,malware,21.11.2019 02:34,2,HEUR:Trojan.Script.Generic
AB3B9FA1FCA707D834AF4A16E5069E6A71F31484,62,malware,10.04.2020 04:57,2,HEUR:Trojan.Script.Generic
2B1DF2A7CE13CFB4D372E8BC6D4DC795F453A922,62,malware,10.04.2020 04:57,2,HEUR:Hoax.Script.Loss.gen
4A2C68CAA3ABDB09D3449921BA2F1D96542A9401,62,malware,10.04.2020 04:57,2,HEUR:Hoax.Script.Loss.gen
91152C2BC9D8C69C0FA5B8A5485D98FE65DECB4C,62,malware,10.04.2020 04:57,2,HEUR:Trojan.Script.Generic
46F3178CAD42FBDEEA1B43D5DE9C4E111D3F513A,61,malware,23.11.2017 04:10,2,HEUR:Trojan-PSW.Script.Generic
6112C0AC8296F5EC2181B8CCA339DDEEEA6B923C,61,malware,21.11.2019 10:36,2,HEUR:Trojan.Script.Generic
09D01C05AAF90F3F4DE3427FF787415A1C6FC5C6,61,malware,21.11.2019 10:36,2,HEUR:Trojan.Script.Generic
A1F862664E0F7ABBA838508B509E7D55D7E737D6,60,malware,23.11.2017 04:05,4,HEUR:Trojan.Script.Generic
A3BF9074926A348B698C5AAC57E9352F637326A6,60,malware,22.11.2017 22:07,4,HEUR:Trojan.Script.Miner.gen
A236528B01C83CDC07E9D3FBCFD41E3470EC3FB2,60,malware,21.11.2019 09:55,2,HEUR:Trojan.Script.Generic
6112C0AC8296F5EC2181B8CCA339DDEEEA6B923C,60,malware,21.11.2019 09:55,2,HEUR:Trojan.Script.Generic
09D01C05AAF90F3F4DE3427FF787415A1C6FC5C6,60,malware,21.11.2019 02:36,2,HEUR:Trojan.Script.Generic
6112C0AC8296F5EC2181B8CCA339DDEEEA6B923C,60,malware,21.11.2019 02:36,2,HEUR:Trojan.Script.Generic
44917424B0EADFE990939EDE7CD1EB98CB08F75E,60,malware,21.11.2019 02:36,2,HEUR:Trojan.Script.Generic
6112C0AC8296F5EC2181B8CCA339DDEEEA6B923C,60,malware,23.11.2019 11:47,2,HEUR:Trojan.Script.Generic
09D01C05AAF90F3F4DE3427FF787415A1C6FC5C6,60,malware,23.11.2019 11:47,2,HEUR:Trojan.Script.Generic
408961FC89C4E20106B7BD66811AE80B6FDA4C70,60,malware,23.11.2019 11:47,2,HEUR:Trojan.Script.Generic
2836B7F7EB4EFEDF447A5E01648046049EC2AABA,59,malware,22.07.2018 17:00,2,HEUR:Trojan.Script.Miner.gen
37D4C3B9FE4FA292AB0EA5F6ACE43AF2A6BC3248,59,malware,22.07.2018 17:00,2,HEUR:Trojan.Script.Miner.gen
EDD18C0766A6CC0FCF8F313A8C10B06B085FD2D0,59,malware,22.07.2018 17:00,2,HEUR:Trojan.Script.Miner.gen
EFC4B48418384DFD3CE5B1AE3BDB855F905473D0,59,malware,22.07.2018 17:00,2,HEUR:Trojan.Script.Miner.gen
1DE2C6C3B5E81C6D19FE554F342123B78919494A,59,malware,22.07.2018 17:00,2,HEUR:Trojan.Script.Miner.gen
AEABCD7D83D0333AA3A98209B8A1EAC4B24930C2,59,malware,26.01.2015 00:00,2,HEUR:Trojan.Script.Generic
3F931ECDA77F9CA065827287869792145CE062ED,59,malware,26.01.2015 00:00,2,HEUR:Trojan.Script.Generic
DA8E9DA0619F3C1349D2B7068624BF4E7B3FA1C4,59,malware,26.01.2015 00:00,2,Trojan.Win32.APosT.lao
5847C0C3BA91D9CC732C2B4E77F1E894D8FDE465,59,malware,26.01.2015 00:00,2,HEUR:Worm.Win32.WBVB.vam
04422222FC33DE46756FE49E31AF5D85819301E7,59,malware,26.01.2015 00:00,2,HEUR:Worm.Win32.WBVB.vam
157FA741D0DED2BD6A85760745FF31069D736F67,59,malware,26.01.2015 00:00,2,HEUR:Trojan.Win32.Generic
B737870E2D5FDC2359CFCB16D989D31BF5212160,59,malware,26.01.2015 00:00,2,Trojan-Downloader.MSWord.Agent.buh
45560B2D4BCBF54BBDDAB78BD83E1698097A74C6,59,malware,26.01.2015 00:00,2,Trojan-Downloader.MSWord.Agent.buh
581FFA85873A9F6DBA7E879A4B05DABA91499961,59,malware,26.01.2015 00:00,2,Trojan-Downloader.MSWord.Agent.buh
9C30FA663D6C4DA2AF53E614509203027C93EA6E,59,malware,26.01.2015 00:00,2,HEUR:Worm.Win32.WBVB.vam
6112C0AC8296F5EC2181B8CCA339DDEEEA6B923C,59,malware,21.11.2019 02:36,2,HEUR:Trojan.Script.Generic
09D01C05AAF90F3F4DE3427FF787415A1C6FC5C6,59,malware,21.11.2019 02:36,2,HEUR:Trojan.Script.Generic
35E25CEDD3B4EFC8EE60F9B444A9D57ED36A49BB,59,malware,21.11.2019 02:36,2,HEUR:Trojan.Script.Generic
6112C0AC8296F5EC2181B8CCA339DDEEEA6B923C,59,malware,21.11.2019 01:40,2,HEUR:Trojan.Script.Generic
09D01C05AAF90F3F4DE3427FF787415A1C6FC5C6,59,malware,21.11.2019 01:40,2,HEUR:Trojan.Script.Generic
AE890315A3C729ECC290F04F65F7EEC41FB75F97,59,malware,17.02.2020 22:56,2,HEUR:Trojan.Script.Generic
C90ABC17D71664D9E0A4947EE552721E802D26DE,59,malware,17.02.2020 22:56,2,HEUR:Trojan.Script.Generic
09D01C05AAF90F3F4DE3427FF787415A1C6FC5C6,59,malware,22.11.2019 10:30,2,HEUR:Trojan.Script.Generic
6112C0AC8296F5EC2181B8CCA339DDEEEA6B923C,59,malware,22.11.2019 10:30,2,HEUR:Trojan.Script.Generic
35E25CEDD3B4EFC8EE60F9B444A9D57ED36A49BB,59,malware,22.11.2019 10:30,2,HEUR:Trojan.Script.Generic
19C2698D39858AD8488371CB8B29CA1427EED373,58,malware,26.01.2020 12:14,3,HEUR:Trojan.Script.Miner.gen
50644935A8F9D77FD53CB06C5D4FEDB3800C0BD5,58,malware,26.01.2020 12:14,3,HEUR:Trojan.Script.Miner.gen
E0DD15B4A59EF6F2945623CA525449E5EA27E46D,58,malware,13.03.2020 19:21,3,HEUR:Trojan.Script.Generic
6223B53CC1753B2E0B458BB8F76287C7B40B7272,58,malware,13.03.2020 19:21,3,HEUR:Trojan.Script.Generic
994A89A6273A530ECCF74383E525FF27E5983A13,58,malware,13.03.2020 19:21,3,HEUR:Trojan.Script.Generic
1753C2B3F38E5F61AEF78052F4C85357B556FC7B,58,malware,13.03.2020 19:21,3,HEUR:Trojan.Script.Generic
3261AA595E551AFC46BC206AD1D13C64519D11C3,58,malware,13.03.2020 19:21,3,HEUR:Trojan.Script.Generic
8BB47600599397C1C133959B8A51F56AF8C2EC96,58,malware,13.03.2020 19:21,3,HEUR:Trojan.Script.Generic
F4BBB853B40CE2DD92E3D31F653B84B39D0F6609,58,malware,13.03.2020 19:21,3,HEUR:Trojan.Script.Generic
307F52A6D2E1EE049B15469E2FDF5C66628E1C62,58,malware,13.03.2020 19:21,3,HEUR:Trojan.Script.Generic
1158BC45DBAD0908E0833A6A880C5787584EC071,58,malware,13.03.2020 19:21,3,HEUR:Trojan.Script.Generic
FA85F69A64FBFB78715B2B7107FB4DEE9BD7C22C,58,malware,31.01.2020 11:47,2,HEUR:Trojan.Script.SAgent.gen
031B3DE923A8FE4D85D05C1BB4F0F20CC3DCC4E2,58,malware,30.03.2020 18:41,2,HEUR:Trojan.Script.Generic
F427FC798F14810E8E008530D2347C9C9C797E9A,58,malware,30.03.2020 18:41,2,HEUR:Trojan.Script.Generic
9B98B01500B42BC0F005ED1ABC67FCE3CEEC0E69,58,malware,07.12.2019 06:11,2,HEUR:Trojan.Script.Generic
0A32F9A94067EF131047785FD04C1D5952F181EC,58,malware,07.12.2019 06:11,2,HEUR:Trojan.Script.Generic
92352CB1F7246B432BBB46C6CA06B1D22A70F704,58,malware,07.12.2019 06:11,2,HEUR:Trojan.Script.Agent.gen
09D01C05AAF90F3F4DE3427FF787415A1C6FC5C6,58,malware,21.11.2019 22:36,2,HEUR:Trojan.Script.Generic
6112C0AC8296F5EC2181B8CCA339DDEEEA6B923C,58,malware,21.11.2019 22:36,2,HEUR:Trojan.Script.Generic
09D01C05AAF90F3F4DE3427FF787415A1C6FC5C6,58,malware,21.11.2019 10:06,2,HEUR:Trojan.Script.Generic
44917424B0EADFE990939EDE7CD1EB98CB08F75E,58,malware,21.11.2019 10:06,2,HEUR:Trojan.Script.Generic
09D01C05AAF90F3F4DE3427FF787415A1C6FC5C6,58,malware,20.11.2019 21:43,2,HEUR:Trojan.Script.Generic
6112C0AC8296F5EC2181B8CCA339DDEEEA6B923C,58,malware,20.11.2019 21:43,2,HEUR:Trojan.Script.Generic
35E25CEDD3B4EFC8EE60F9B444A9D57ED36A49BB,58,malware,20.11.2019 21:43,2,HEUR:Trojan.Script.Generic
9AEC51D01F552D2A58151EB7B2A20EC93218F70C,58,malware,21.11.2019 03:14,2,Trojan-Downloader.Win32.Genome.emkq
6112C0AC8296F5EC2181B8CCA339DDEEEA6B923C,58,malware,21.11.2019 03:14,2,HEUR:Trojan.Script.Generic
09D01C05AAF90F3F4DE3427FF787415A1C6FC5C6,58,malware,21.11.2019 03:14,2,HEUR:Trojan.Script.Generic
468068BCADED2D8E73ED5F5F059E9D9D77E2405C,58,malware,21.11.2019 03:14,2,Trojan-Downloader.Win32.Genome.emkq
35E25CEDD3B4EFC8EE60F9B444A9D57ED36A49BB,58,malware,21.11.2019 03:14,2,HEUR:Trojan.Script.Generic
AE1B6F1C7A565B5A015EBC633F56A09C74ACBC33,58,malware,21.11.2019 03:14,2,HEUR:Trojan-PSW.Script.Generic
5211325EE1D979CBD65FC71C132729FBE5D2A9D3,58,malware,21.11.2019 03:14,2,HEUR:Trojan-PSW.Script.Generic
9AEC51D01F552D2A58151EB7B2A20EC93218F70C,58,malware,18.02.2020 01:40,2,Trojan-Downloader.Win32.Genome.emkq
09D01C05AAF90F3F4DE3427FF787415A1C6FC5C6,57,malware,22.11.2019 17:06,2,HEUR:Trojan.Script.Generic
6112C0AC8296F5EC2181B8CCA339DDEEEA6B923C,57,malware,22.11.2019 17:06,2,HEUR:Trojan.Script.Generic
C90ABC17D71664D9E0A4947EE552721E802D26DE,57,malware,22.11.2019 17:06,2,HEUR:Trojan.Script.Generic
35E25CEDD3B4EFC8EE60F9B444A9D57ED36A49BB,57,malware,22.11.2019 17:06,2,HEUR:Trojan.Script.Generic
B88CC73C006DBC7115857814D76C374568C0DAAC,56,malware,11.04.2020 03:25,4,HEUR:Trojan.Script.Generic
17CD3B6616D51CE8A6F0900EAB8020EC262250BA,56,malware,11.04.2020 03:25,4,HEUR:Trojan.Script.Generic
9F3564B1DC604C88702C32756D25F65B65482A6D,56,malware,11.04.2020 03:25,4,HEUR:Trojan.Script.Generic
51B310FAC82FD250BECD742B1DC59735BF1FDB76,56,malware,04.04.2020 03:32,3,HEUR:Trojan.Script.Generic
9F3564B1DC604C88702C32756D25F65B65482A6D,56,malware,04.04.2020 03:32,3,HEUR:Trojan.Script.Generic
17CD3B6616D51CE8A6F0900EAB8020EC262250BA,56,malware,04.04.2020 03:32,3,HEUR:Trojan.Script.Generic
9F3564B1DC604C88702C32756D25F65B65482A6D,56,malware,08.04.2020 09:10,3,HEUR:Trojan.Script.Generic
17CD3B6616D51CE8A6F0900EAB8020EC262250BA,56,malware,08.04.2020 09:10,3,HEUR:Trojan.Script.Generic
3F40BF80CF612C0B8D8178CC069EB368AEE554DF,56,malware,08.04.2020 09:10,3,HEUR:Trojan.Script.Generic
4535875C83C7FF4BBE994DB1C7A08E5302FBDC62,56,malware,07.04.2020 14:57,3,HEUR:Trojan-PSW.Win32.Generic
93729F29C1E63981597F12EE1DF4BD729921A1CE,56,malware,07.04.2020 14:57,3,HEUR:Trojan-PSW.Win32.Generic
03E3DD75B5311D92FCEF05A9359230F3C201B26F,56,malware,07.04.2020 14:57,3,UDS:DangerousObject.Multi.Generic
8C83102CECF749830BE45F06683E99A51571AAD9,56,malware,07.04.2020 14:57,3,HEUR:Exploit.Script.Blocker.U
AF82AE094810DE6D13BA0B2C0C9DB9757C6290D1,56,malware,07.04.2020 14:57,3,HEUR:Trojan-PSW.Win32.Generic
F15AA720AED4BCF36343C41AC96F4E6B323A3B7E,56,malware,07.04.2020 14:57,3,HEUR:Trojan-PSW.Win32.Generic
A9C9A9391373280287D614058AF1EABADE0BA327,56,malware,07.04.2020 14:57,3,HEUR:Trojan-PSW.Win32.Generic
2CBE863E59C552B2EE087530B6601162F293C4A0,56,malware,17.02.2020 23:19,3,HEUR:Hoax.Script.Loss.gen
AE890315A3C729ECC290F04F65F7EEC41FB75F97,56,malware,17.02.2020 23:19,3,HEUR:Trojan.Script.Generic
C90ABC17D71664D9E0A4947EE552721E802D26DE,56,malware,17.02.2020 23:19,3,HEUR:Trojan.Script.Generic
9F3564B1DC604C88702C32756D25F65B65482A6D,56,malware,07.04.2020 04:12,3,HEUR:Trojan.Script.Generic
17CD3B6616D51CE8A6F0900EAB8020EC262250BA,56,malware,07.04.2020 04:12,3,HEUR:Trojan.Script.Generic
56D6E7556A8ED2226930E5D10B93EBAEAA3887B8,56,malware,06.04.2020 15:02,3,HEUR:Trojan.Script.Generic
10D83BDDFA1BBCE9B4E6280F8EDD6BD79C54D971,56,malware,06.04.2020 15:02,3,HEUR:Trojan.Script.Generic
56D6E7556A8ED2226930E5D10B93EBAEAA3887B8,56,malware,31.03.2020 14:54,3,HEUR:Trojan.Script.Generic
10D83BDDFA1BBCE9B4E6280F8EDD6BD79C54D971,56,malware,31.03.2020 14:54,3,HEUR:Trojan.Script.Generic
940EC421CBEE029B1681EAE4A662A621BCF24CC2,56,malware,31.01.2020 02:30,3,HEUR:Trojan-Downloader.Win32.Stralo.vho
7B86D105BE1984104F65DE2261FD1E1F7BBFE24F,56,malware,31.01.2020 02:30,3,Trojan-PSW.Win32.Azorult.alnf
A0113A90C4DA8174C5A3537F95BC1EC7FF0E5D11,56,malware,31.01.2020 02:30,3,HEUR:Trojan.Win32.Generic
62CDFA7C149448173B6162DA191C756E3E0A3535,56,malware,31.01.2020 02:30,3,HEUR:Trojan-Downloader.Win32.Generic
C8DB11DF3EF1CCA26E5E043C481ABD415A076102,56,malware,31.01.2020 02:30,3,HEUR:Trojan.Win32.Generic
A75371BA910A3288B77F2CFFC922FC24265000BB,56,malware,31.01.2020 02:30,3,HEUR:Trojan-Ransom.Win32.Crusis.gen
5EA6E6C4B13B3718B7A0DB6C58644D90D1001D2D,56,malware,31.01.2020 02:30,3,HEUR:Trojan.Win32.Generic
C6122FEA392DB4961C1400984C5E91B4A6B23C7C,56,malware,31.01.2020 02:30,3,HEUR:Trojan-Ransom.Win32.Blocker.gen
235D7991EE53A82DF79B2FCA7EB0F05E3CD3E1C4,56,malware,31.01.2020 02:30,3,HEUR:Trojan.Win32.Generic
C7BAB8C24529B30023574BD16CB34E4709C888E6,56,malware,31.01.2020 02:30,3,HEUR:Trojan-PSW.Win32.Coins.vho
607698605D3EDB94EE633EBEA25E558187300FDE,56,malware,12.04.2020 04:19,2,HEUR:Trojan.Script.Generic
FDA190CE2D04E4D971428D718AA33C5E47994AE6,56,malware,12.04.2020 04:19,2,HEUR:Trojan.Script.Generic
61352298C01DB64ABCD261B24809290226C2F88F,56,malware,12.04.2020 04:19,2,HEUR:Trojan.Script.Generic
FDA190CE2D04E4D971428D718AA33C5E47994AE6,56,malware,11.04.2020 20:12,2,HEUR:Trojan.Script.Generic
61352298C01DB64ABCD261B24809290226C2F88F,56,malware,11.04.2020 20:12,2,HEUR:Trojan.Script.Generic
109757477FED61C66D6C615E82A5BDD6E8C2C089,56,malware,11.04.2020 20:12,2,HEUR:Trojan.Script.Generic
607698605D3EDB94EE633EBEA25E558187300FDE,56,malware,11.04.2020 20:12,2,HEUR:Trojan.Script.Generic
607698605D3EDB94EE633EBEA25E558187300FDE,56,malware,11.04.2020 19:27,2,HEUR:Trojan.Script.Generic
FDA190CE2D04E4D971428D718AA33C5E47994AE6,56,malware,11.04.2020 19:27,2,HEUR:Trojan.Script.Generic
61352298C01DB64ABCD261B24809290226C2F88F,56,malware,11.04.2020 19:27,2,HEUR:Trojan.Script.Generic
D8E6124C95C02BFED82B3AB5F155E0073840DE92,56,malware,11.04.2020 06:29,2,HEUR:Trojan.Script.Generic
FEBEFD5B1E3D18C97E03552AD4545DA2D52A92B8,56,malware,11.04.2020 06:29,2,HEUR:Trojan.Script.Generic
D8E6124C95C02BFED82B3AB5F155E0073840DE92,56,malware,11.04.2020 06:07,2,HEUR:Trojan.Script.Generic
FEBEFD5B1E3D18C97E03552AD4545DA2D52A92B8,56,malware,11.04.2020 06:07,2,HEUR:Trojan.Script.Generic
0CF582048A5E912349E8F171CD2ED6751E01FC92,56,malware,11.04.2020 06:07,2,HEUR:Trojan.Script.Generic
D8E6124C95C02BFED82B3AB5F155E0073840DE92,56,malware,11.04.2020 03:25,2,HEUR:Trojan.Script.Generic
45DC58AD5D1DB3E9D15E3467EDDC53FCA8E6B3B4,56,malware,11.04.2020 03:25,2,HEUR:Trojan.Script.Generic
FEBEFD5B1E3D18C97E03552AD4545DA2D52A92B8,56,malware,11.04.2020 03:25,2,HEUR:Trojan.Script.Generic
FEBEFD5B1E3D18C97E03552AD4545DA2D52A92B8,56,malware,11.04.2020 03:25,2,HEUR:Trojan.Script.Generic
45DC58AD5D1DB3E9D15E3467EDDC53FCA8E6B3B4,56,malware,11.04.2020 03:25,2,HEUR:Trojan.Script.Generic
D8E6124C95C02BFED82B3AB5F155E0073840DE92,56,malware,11.04.2020 03:25,2,HEUR:Trojan.Script.Generic
D8E6124C95C02BFED82B3AB5F155E0073840DE92,56,malware,09.04.2020 21:39,2,HEUR:Trojan.Script.Generic
FEBEFD5B1E3D18C97E03552AD4545DA2D52A92B8,56,malware,09.04.2020 21:39,2,HEUR:Trojan.Script.Generic
0CF582048A5E912349E8F171CD2ED6751E01FC92,56,malware,09.04.2020 21:39,2,HEUR:Trojan.Script.Generic
D8E6124C95C02BFED82B3AB5F155E0073840DE92,56,malware,07.04.2020 02:53,2,HEUR:Trojan.Script.Generic
FEBEFD5B1E3D18C97E03552AD4545DA2D52A92B8,56,malware,07.04.2020 02:53,2,HEUR:Trojan.Script.Generic
163D5D666D4E873FA054F0B4BF8BAD295A55CE70,56,malware,07.04.2020 02:53,2,HEUR:Trojan.Script.Generic
BDE2DA501AEC629700B043CB36A68FF12F8581B8,56,malware,07.04.2020 02:53,2,HEUR:Trojan.Script.Generic
45DC58AD5D1DB3E9D15E3467EDDC53FCA8E6B3B4,56,malware,07.04.2020 02:53,2,HEUR:Trojan.Script.Generic
49E2BC989D90F732D5ECBBDA3BAC088D0492B2D1,56,malware,07.04.2020 02:53,2,HEUR:Trojan.Script.Generic
FEBEFD5B1E3D18C97E03552AD4545DA2D52A92B8,56,malware,09.04.2020 21:46,2,HEUR:Trojan.Script.Generic
45DC58AD5D1DB3E9D15E3467EDDC53FCA8E6B3B4,56,malware,09.04.2020 21:46,2,HEUR:Trojan.Script.Generic
D8E6124C95C02BFED82B3AB5F155E0073840DE92,56,malware,09.04.2020 21:46,2,HEUR:Trojan.Script.Generic
49E2BC989D90F732D5ECBBDA3BAC088D0492B2D1,56,malware,09.04.2020 21:46,2,HEUR:Trojan.Script.Generic
65401E2CDFC87DD6235F2680A711A93D4386DECF,56,malware,09.04.2020 20:28,2,HEUR:Trojan.Script.Generic
C90ABC17D71664D9E0A4947EE552721E802D26DE,56,malware,17.03.2020 09:40,2,HEUR:Trojan.Script.Generic
A236528B01C83CDC07E9D3FBCFD41E3470EC3FB2,56,malware,17.03.2020 09:40,2,HEUR:Trojan.Script.Generic
408961FC89C4E20106B7BD66811AE80B6FDA4C70,56,malware,17.03.2020 09:40,2,HEUR:Trojan.Script.Generic
09D01C05AAF90F3F4DE3427FF787415A1C6FC5C6,56,malware,21.11.2019 15:32,2,HEUR:Trojan.Script.Generic
6112C0AC8296F5EC2181B8CCA339DDEEEA6B923C,56,malware,21.11.2019 15:32,2,HEUR:Trojan.Script.Generic
FEBEFD5B1E3D18C97E03552AD4545DA2D52A92B8,56,malware,09.04.2020 18:06,2,HEUR:Trojan.Script.Generic
45DC58AD5D1DB3E9D15E3467EDDC53FCA8E6B3B4,56,malware,09.04.2020 18:06,2,HEUR:Trojan.Script.Generic
49E2BC989D90F732D5ECBBDA3BAC088D0492B2D1,56,malware,09.04.2020 18:06,2,HEUR:Trojan.Script.Generic
FEBEFD5B1E3D18C97E03552AD4545DA2D52A92B8,56,malware,09.04.2020 04:57,2,HEUR:Trojan.Script.Generic
FEBEFD5B1E3D18C97E03552AD4545DA2D52A92B8,56,malware,09.04.2020 03:38,2,HEUR:Trojan.Script.Generic
D8E6124C95C02BFED82B3AB5F155E0073840DE92,56,malware,09.04.2020 03:38,2,HEUR:Trojan.Script.Generic
45DC58AD5D1DB3E9D15E3467EDDC53FCA8E6B3B4,56,malware,09.04.2020 03:38,2,HEUR:Trojan.Script.Generic
163D5D666D4E873FA054F0B4BF8BAD295A55CE70,56,malware,09.04.2020 03:38,2,HEUR:Trojan.Script.Generic
D8E6124C95C02BFED82B3AB5F155E0073840DE92,56,malware,09.04.2020 03:38,2,HEUR:Trojan.Script.Generic
45DC58AD5D1DB3E9D15E3467EDDC53FCA8E6B3B4,56,malware,09.04.2020 03:38,2,HEUR:Trojan.Script.Generic
FEBEFD5B1E3D18C97E03552AD4545DA2D52A92B8,56,malware,09.04.2020 03:38,2,HEUR:Trojan.Script.Generic
D8E6124C95C02BFED82B3AB5F155E0073840DE92,56,malware,08.04.2020 20:29,2,HEUR:Trojan.Script.Generic
45DC58AD5D1DB3E9D15E3467EDDC53FCA8E6B3B4,56,malware,08.04.2020 20:29,2,HEUR:Trojan.Script.Generic
FEBEFD5B1E3D18C97E03552AD4545DA2D52A92B8,56,malware,08.04.2020 20:29,2,HEUR:Trojan.Script.Generic
49E2BC989D90F732D5ECBBDA3BAC088D0492B2D1,56,malware,08.04.2020 20:29,2,HEUR:Trojan.Script.Generic
D8E6124C95C02BFED82B3AB5F155E0073840DE92,56,malware,08.04.2020 15:05,2,HEUR:Trojan.Script.Generic
FEBEFD5B1E3D18C97E03552AD4545DA2D52A92B8,56,malware,08.04.2020 15:05,2,HEUR:Trojan.Script.Generic
45DC58AD5D1DB3E9D15E3467EDDC53FCA8E6B3B4,56,malware,08.04.2020 15:05,2,HEUR:Trojan.Script.Generic
6C9398A56C5592FB6CC67CCBDA98C70821EA197C,56,malware,08.04.2020 11:33,2,HEUR:Trojan.Script.Generic
45DC58AD5D1DB3E9D15E3467EDDC53FCA8E6B3B4,56,malware,08.04.2020 06:21,2,HEUR:Trojan.Script.Generic
FEBEFD5B1E3D18C97E03552AD4545DA2D52A92B8,56,malware,08.04.2020 06:21,2,HEUR:Trojan.Script.Generic
D8E6124C95C02BFED82B3AB5F155E0073840DE92,56,malware,08.04.2020 06:21,2,HEUR:Trojan.Script.Generic
17CD3B6616D51CE8A6F0900EAB8020EC262250BA,56,malware,08.04.2020 04:26,2,HEUR:Trojan.Script.Generic
9F3564B1DC604C88702C32756D25F65B65482A6D,56,malware,08.04.2020 04:26,2,HEUR:Trojan.Script.Generic
FEBEFD5B1E3D18C97E03552AD4545DA2D52A92B8,56,malware,08.04.2020 01:00,2,HEUR:Trojan.Script.Generic
45DC58AD5D1DB3E9D15E3467EDDC53FCA8E6B3B4,56,malware,08.04.2020 01:00,2,HEUR:Trojan.Script.Generic
D8E6124C95C02BFED82B3AB5F155E0073840DE92,56,malware,08.04.2020 01:00,2,HEUR:Trojan.Script.Generic
FEBEFD5B1E3D18C97E03552AD4545DA2D52A92B8,56,malware,07.04.2020 11:43,2,HEUR:Trojan.Script.Generic
45DC58AD5D1DB3E9D15E3467EDDC53FCA8E6B3B4,56,malware,07.04.2020 11:43,2,HEUR:Trojan.Script.Generic
D8E6124C95C02BFED82B3AB5F155E0073840DE92,56,malware,07.04.2020 11:43,2,HEUR:Trojan.Script.Generic
D8E6124C95C02BFED82B3AB5F155E0073840DE92,56,malware,07.04.2020 10:54,2,HEUR:Trojan.Script.Generic
FEBEFD5B1E3D18C97E03552AD4545DA2D52A92B8,56,malware,07.04.2020 10:54,2,HEUR:Trojan.Script.Generic
0CF582048A5E912349E8F171CD2ED6751E01FC92,56,malware,07.04.2020 10:54,2,HEUR:Trojan.Script.Generic
6998DEFC12D46358CB916B06E8CF800BF8217A07,56,malware,07.04.2020 10:54,2,HEUR:Trojan.Script.Generic
56D6E7556A8ED2226930E5D10B93EBAEAA3887B8,56,malware,06.04.2020 13:41,2,HEUR:Trojan.Script.Generic
10D83BDDFA1BBCE9B4E6280F8EDD6BD79C54D971,56,malware,06.04.2020 13:41,2,HEUR:Trojan.Script.Generic
9F3564B1DC604C88702C32756D25F65B65482A6D,56,malware,07.04.2020 09:57,2,HEUR:Trojan.Script.Generic
17CD3B6616D51CE8A6F0900EAB8020EC262250BA,56,malware,07.04.2020 09:57,2,HEUR:Trojan.Script.Generic
FEBEFD5B1E3D18C97E03552AD4545DA2D52A92B8,56,malware,07.04.2020 02:59,2,HEUR:Trojan.Script.Generic
45DC58AD5D1DB3E9D15E3467EDDC53FCA8E6B3B4,56,malware,07.04.2020 02:59,2,HEUR:Trojan.Script.Generic
D8E6124C95C02BFED82B3AB5F155E0073840DE92,56,malware,07.04.2020 02:59,2,HEUR:Trojan.Script.Generic
BDE2DA501AEC629700B043CB36A68FF12F8581B8,56,malware,07.04.2020 02:59,2,HEUR:Trojan.Script.Generic
D8E6124C95C02BFED82B3AB5F155E0073840DE92,56,malware,06.04.2020 20:44,2,HEUR:Trojan.Script.Generic
163D5D666D4E873FA054F0B4BF8BAD295A55CE70,56,malware,06.04.2020 20:44,2,HEUR:Trojan.Script.Generic
45DC58AD5D1DB3E9D15E3467EDDC53FCA8E6B3B4,56,malware,06.04.2020 20:44,2,HEUR:Trojan.Script.Generic
FEBEFD5B1E3D18C97E03552AD4545DA2D52A92B8,56,malware,06.04.2020 20:32,2,HEUR:Trojan.Script.Generic
0CF582048A5E912349E8F171CD2ED6751E01FC92,56,malware,06.04.2020 20:32,2,HEUR:Trojan.Script.Generic
45DC58AD5D1DB3E9D15E3467EDDC53FCA8E6B3B4,56,malware,06.04.2020 20:32,2,HEUR:Trojan.Script.Generic
FEBEFD5B1E3D18C97E03552AD4545DA2D52A92B8,56,malware,06.04.2020 20:32,2,HEUR:Trojan.Script.Generic
45DC58AD5D1DB3E9D15E3467EDDC53FCA8E6B3B4,56,malware,06.04.2020 20:32,2,HEUR:Trojan.Script.Generic
49E2BC989D90F732D5ECBBDA3BAC088D0492B2D1,56,malware,06.04.2020 20:32,2,HEUR:Trojan.Script.Generic
09D01C05AAF90F3F4DE3427FF787415A1C6FC5C6,56,malware,21.11.2019 10:30,2,HEUR:Trojan.Script.Generic
6112C0AC8296F5EC2181B8CCA339DDEEEA6B923C,56,malware,21.11.2019 10:30,2,HEUR:Trojan.Script.Generic
A236528B01C83CDC07E9D3FBCFD41E3470EC3FB2,56,malware,21.11.2019 10:30,2,HEUR:Trojan.Script.Generic
33322C5F8ECFE24414FF084AE5904CD818EC1AAD,56,malware,11.03.2020 21:23,2,HEUR:Trojan-Banker.Win64.ClipBanker.gen
6112C0AC8296F5EC2181B8CCA339DDEEEA6B923C,55,malware,20.11.2019 22:05,2,HEUR:Trojan.Script.Generic
09D01C05AAF90F3F4DE3427FF787415A1C6FC5C6,55,malware,20.11.2019 22:05,2,HEUR:Trojan.Script.Generic
44917424B0EADFE990939EDE7CD1EB98CB08F75E,55,malware,20.11.2019 22:05,2,HEUR:Trojan.Script.Generic
1AF64BDCBBCF8A91871C5D182980F3A925614A55,55,malware,17.03.2020 20:29,2,Trojan.Win32.Yakes.zwxq
CDC8E35B450658B4F1E73F69071A4A053A7AA3F4,55,malware,17.03.2020 20:29,2,Trojan.Win32.Yakes.zwuz
EAF97C5AD051E9DDAE5736953389A033F795C3D2,55,malware,17.03.2020 20:29,2,Trojan.Win32.Yakes.zwuz
2FA92FBB6ED03D1B4043399F70E81CC4B298E664,55,malware,20.03.2020 05:00,2,HEUR:Trojan-Downloader.OLE2.Sneaky.gen
288BB00260982E4FCAE2290A1DC00C21360C39B7,55,malware,17.03.2020 08:26,2,HEUR:Trojan.Script.Generic
AE890315A3C729ECC290F04F65F7EEC41FB75F97,55,malware,17.03.2020 08:26,2,HEUR:Trojan.Script.Generic
B43765C6DCA8661A90A29120DCE835518393F60B,55,malware,18.02.2020 08:51,2,HEUR:Trojan.Script.Generic
6112C0AC8296F5EC2181B8CCA339DDEEEA6B923C,55,malware,18.02.2020 08:51,2,HEUR:Trojan.Script.Generic
09D01C05AAF90F3F4DE3427FF787415A1C6FC5C6,55,malware,18.02.2020 08:51,2,HEUR:Trojan.Script.Generic
DAB5E31D4B410FF1A6295D554A4A0C99D1DBD4E0,55,malware,17.02.2020 23:53,2,HEUR:Trojan.Script.Miner.gen
9A1739669E4C8D780B579CCCA59FF227AB3BB01B,55,malware,17.02.2020 23:53,2,HEUR:Trojan.Script.Miner.gen
4127721B3C9905D56C197A8C672594D9682702C4,55,malware,17.02.2020 23:53,2,HEUR:Hoax.Script.Loss.gen
C6E8A19C5938DB53EB4828FC2FB10EFE1717309A,55,malware,17.02.2020 23:53,2,HEUR:Trojan.Script.Miner.gen
C90ABC17D71664D9E0A4947EE552721E802D26DE,55,malware,17.02.2020 23:18,2,HEUR:Trojan.Script.Generic
EB761C9FDCADD921FA662F12B35CD51B17207AF4,54,malware,24.12.2019 11:39,3,HEUR:Hoax.Win32.SafeCleaner.gen
AFF649786C65F899F10868C8F7A3AD32068D89B3,54,malware,24.12.2019 11:39,3,HEUR:Hoax.Win32.SafeCleaner.gen
A1659F429B6A3C65A5ADE898B5978BEA9B87679F,54,malware,24.12.2019 11:39,3,HEUR:Hoax.Win32.SafeCleaner.gen
288BB00260982E4FCAE2290A1DC00C21360C39B7,54,malware,16.12.2019 22:18,3,HEUR:Trojan.Script.Generic
B43765C6DCA8661A90A29120DCE835518393F60B,54,malware,16.12.2019 22:18,3,HEUR:Trojan.Script.Generic
0A32F9A94067EF131047785FD04C1D5952F181EC,54,malware,01.12.2019 04:03,3,HEUR:Trojan.Script.Generic
92352CB1F7246B432BBB46C6CA06B1D22A70F704,54,malware,01.12.2019 04:03,3,HEUR:Trojan.Script.Agent.gen
6112C0AC8296F5EC2181B8CCA339DDEEEA6B923C,54,malware,22.11.2019 13:08,3,HEUR:Trojan.Script.Generic
09D01C05AAF90F3F4DE3427FF787415A1C6FC5C6,54,malware,22.11.2019 13:08,3,HEUR:Trojan.Script.Generic
44917424B0EADFE990939EDE7CD1EB98CB08F75E,54,malware,22.11.2019 13:08,3,HEUR:Trojan.Script.Generic
A1F862664E0F7ABBA838508B509E7D55D7E737D6,54,malware,06.02.2020 01:14,3,HEUR:Trojan.Script.Generic
9B98B01500B42BC0F005ED1ABC67FCE3CEEC0E69,54,malware,06.02.2020 01:14,3,HEUR:Trojan.Script.Generic
0A32F9A94067EF131047785FD04C1D5952F181EC,54,malware,06.02.2020 01:14,3,HEUR:Trojan.Script.Generic
C42A321FE2A92271198245B73A64022EB2BDBEF2,54,malware,05.11.2019 15:38,2,HEUR:Trojan-PSW.Script.Generic
DA9D253770CA191FF5D2C1CADA50AB54B8731E6D,54,malware,05.11.2019 15:38,2,HEUR:Trojan-PSW.Script.Generic
E68E21C0BDAF25D50905F5F3E8A634BBDE76324D,54,malware,19.06.2015 00:00,2,HEUR:Trojan.Script.Generic
7D8FD3A80EFC4163A5C9811A2E43F4BD5DA60435,54,malware,19.06.2015 00:00,2,Trojan.JS.Redirector.afx
980B8DC9DFB2528AE5F3E5679E08A8B68225E182,54,malware,19.06.2015 00:00,2,HEUR:Trojan.Script.Generic
8821AE60E4657D910F94AB1C12324334EAFD1D85,54,malware,19.06.2015 00:00,2,HEUR:Trojan.Script.Generic
F383823D6EFAF97AAF3641D290BCFB2F7C3A8653,54,malware,19.06.2015 00:00,2,HEUR:Trojan.Script.Generic
D682472E23F265058A5EB51AF497EC6D60BBCDBE,54,malware,30.10.2018 21:17,2,HEUR:Trojan.Script.Generic
93C9F39D3D7E167428EC0C605934FBBF98C8D24B,54,malware,02.02.2020 19:45,2,HEUR:Trojan.Script.Generic
8E69B65385234849D240077D789714996024BE4A,54,malware,02.02.2020 19:45,2,VHO:Hoax.Win32.SafeCleaner.ao
6112C0AC8296F5EC2181B8CCA339DDEEEA6B923C,54,malware,24.11.2019 16:47,2,HEUR:Trojan.Script.Generic
09D01C05AAF90F3F4DE3427FF787415A1C6FC5C6,54,malware,24.11.2019 16:47,2,HEUR:Trojan.Script.Generic
6112C0AC8296F5EC2181B8CCA339DDEEEA6B923C,54,malware,21.11.2019 18:55,2,HEUR:Trojan.Script.Generic
09D01C05AAF90F3F4DE3427FF787415A1C6FC5C6,54,malware,21.11.2019 18:55,2,HEUR:Trojan.Script.Generic
AE890315A3C729ECC290F04F65F7EEC41FB75F97,54,malware,21.11.2019 18:55,2,HEUR:Trojan.Script.Generic
22B1EAD232A34CC1C9F62763FA0B6A7469637894,54,malware,21.11.2019 11:05,2,HEUR:Trojan-PSW.Script.Generic
44917424B0EADFE990939EDE7CD1EB98CB08F75E,54,malware,21.11.2019 11:05,2,HEUR:Trojan.Script.Generic
6112C0AC8296F5EC2181B8CCA339DDEEEA6B923C,54,malware,21.11.2019 11:05,2,HEUR:Trojan.Script.Generic
09D01C05AAF90F3F4DE3427FF787415A1C6FC5C6,54,malware,21.11.2019 11:05,2,HEUR:Trojan.Script.Generic
6112C0AC8296F5EC2181B8CCA339DDEEEA6B923C,54,malware,21.11.2019 10:28,2,HEUR:Trojan.Script.Generic
09D01C05AAF90F3F4DE3427FF787415A1C6FC5C6,54,malware,21.11.2019 10:28,2,HEUR:Trojan.Script.Generic
D682472E23F265058A5EB51AF497EC6D60BBCDBE,54,malware,21.11.2019 00:32,2,HEUR:Trojan.Script.Generic
2C555F1D5A53F3B88FAD316C3108F4BABDEC72C5,54,malware,21.11.2019 12:11,2,HEUR:Trojan.Script.Generic
09D01C05AAF90F3F4DE3427FF787415A1C6FC5C6,54,malware,21.11.2019 12:11,2,HEUR:Trojan.Script.Generic
6112C0AC8296F5EC2181B8CCA339DDEEEA6B923C,54,malware,21.11.2019 12:11,2,HEUR:Trojan.Script.Generic
44917424B0EADFE990939EDE7CD1EB98CB08F75E,54,malware,21.11.2019 12:11,2,HEUR:Trojan.Script.Generic
6112C0AC8296F5EC2181B8CCA339DDEEEA6B923C,54,malware,21.11.2019 02:34,2,HEUR:Trojan.Script.Generic
09D01C05AAF90F3F4DE3427FF787415A1C6FC5C6,54,malware,21.11.2019 02:34,2,HEUR:Trojan.Script.Generic
44917424B0EADFE990939EDE7CD1EB98CB08F75E,54,malware,21.11.2019 02:34,2,HEUR:Trojan.Script.Generic
408961FC89C4E20106B7BD66811AE80B6FDA4C70,54,malware,21.11.2019 02:34,2,HEUR:Trojan.Script.Generic
6112C0AC8296F5EC2181B8CCA339DDEEEA6B923C,54,malware,20.11.2019 22:22,2,HEUR:Trojan.Script.Generic
09D01C05AAF90F3F4DE3427FF787415A1C6FC5C6,54,malware,20.11.2019 22:22,2,HEUR:Trojan.Script.Generic
44917424B0EADFE990939EDE7CD1EB98CB08F75E,54,malware,20.11.2019 22:22,2,HEUR:Trojan.Script.Generic
C90ABC17D71664D9E0A4947EE552721E802D26DE,54,malware,02.04.2020 02:14,2,HEUR:Trojan.Script.Generic
AE890315A3C729ECC290F04F65F7EEC41FB75F97,54,malware,02.04.2020 02:14,2,HEUR:Trojan.Script.Generic
A7B9388FE89090BDB00085E0524C653272A79461,54,malware,17.03.2020 08:32,2,HEUR:Hoax.Script.Loss.gen
A7B9388FE89090BDB00085E0524C653272A79461,54,malware,04.03.2020 09:57,2,HEUR:Hoax.Script.Loss.gen
C90ABC17D71664D9E0A4947EE552721E802D26DE,54,malware,18.02.2020 04:04,2,HEUR:Trojan.Script.Generic
C90ABC17D71664D9E0A4947EE552721E802D26DE,54,malware,18.02.2020 01:11,2,HEUR:Trojan.Script.Generic
9AEC51D01F552D2A58151EB7B2A20EC93218F70C,54,malware,22.11.2017 22:07,2,Trojan-Downloader.Win32.Genome.emkq
B19C8AD0F66885AB5833C169FBF2270B7FA1BECF,54,malware,22.11.2017 22:07,2,HEUR:Trojan.Script.Generic
B02F16AAB00139EE88420B8B7B12B333546302D3,54,malware,22.11.2017 22:07,2,UDS:DangerousObject.Multi.Generic
93C9F39D3D7E167428EC0C605934FBBF98C8D24B,54,malware,22.11.2017 21:09,2,HEUR:Trojan.Script.Generic
288BB00260982E4FCAE2290A1DC00C21360C39B7,54,malware,20.03.2020 12:18,2,HEUR:Trojan.Script.Generic
408961FC89C4E20106B7BD66811AE80B6FDA4C70,54,malware,20.03.2020 12:18,2,HEUR:Trojan.Script.Generic
A236528B01C83CDC07E9D3FBCFD41E3470EC3FB2,54,malware,20.03.2020 12:18,2,HEUR:Trojan.Script.Generic
09D01C05AAF90F3F4DE3427FF787415A1C6FC5C6,54,malware,20.03.2020 12:18,2,HEUR:Trojan.Script.Generic
C90ABC17D71664D9E0A4947EE552721E802D26DE,54,malware,10.03.2020 22:26,2,HEUR:Trojan.Script.Generic
B79263D29BDA0E78D64E26EEB796563EB2B964DC,54,malware,06.02.2020 18:52,2,HEUR:Trojan.Script.Generic
93F54B2D56DA45B1CB0A241433B2E6999D43D566,53,malware,23.05.2018 15:01,2,HEUR:Trojan.Script.Generic
7565B1B3F5D7614C80CB2CDF162EB91AA42CD81B,53,malware,23.05.2018 15:01,2,HEUR:Trojan.Script.Generic
08A39392C6DBEC49A2ADDEE9CD14663DF04878F0,53,malware,23.05.2018 15:01,2,HEUR:Trojan.Script.Generic
CB58613800A7A215187690C6AC5500AF5DBE5361,53,malware,23.05.2018 15:01,2,HEUR:Trojan.Script.Generic
D69B121E3D14158A77711166B8BA575F39EB459B,53,malware,23.05.2018 15:01,2,HEUR:Trojan.Script.Generic
B0AE15955575B421444E1928C57F4F5772351987,53,malware,23.05.2018 15:01,2,HEUR:Trojan.Script.Generic
87B233C2E4C6AB0F1E3DB7A9849BE8C7A1119734,53,malware,23.05.2018 15:01,2,HEUR:Trojan.Script.Generic
B7D3F9DB290D01BFC1C80BBE3F7BA8D3B5463EDA,53,malware,23.05.2018 15:01,2,HEUR:Trojan.Script.Generic
3F46E936A57F4A13BC3A8AE2019F145A0EC94F76,53,malware,23.05.2018 15:01,2,HEUR:Trojan.Script.Generic
8051356234EB0C4E191D7CBBAAF77B7833FB9C93,53,malware,23.05.2018 15:01,2,HEUR:Trojan.Script.Generic
2CBE863E59C552B2EE087530B6601162F293C4A0,53,malware,17.02.2020 22:58,2,HEUR:Hoax.Script.Loss.gen
AE890315A3C729ECC290F04F65F7EEC41FB75F97,53,malware,17.02.2020 22:58,2,HEUR:Trojan.Script.Generic
09D01C05AAF90F3F4DE3427FF787415A1C6FC5C6,53,malware,21.11.2019 21:27,2,HEUR:Trojan.Script.Generic
6112C0AC8296F5EC2181B8CCA339DDEEEA6B923C,53,malware,21.11.2019 21:27,2,HEUR:Trojan.Script.Generic
3C2BBEC67CF2E054593C91305FEA0D6A60D26E52,53,malware,21.11.2019 14:33,2,HEUR:Trojan.Script.Generic
0C1CB0B16CF5319282AFE533E418F16737A2BE3B,53,malware,21.11.2019 14:33,2,HEUR:Trojan.Script.Agent.gen
6112C0AC8296F5EC2181B8CCA339DDEEEA6B923C,53,malware,21.11.2019 14:33,2,HEUR:Trojan.Script.Generic
09D01C05AAF90F3F4DE3427FF787415A1C6FC5C6,53,malware,21.11.2019 14:33,2,HEUR:Trojan.Script.Generic
6112C0AC8296F5EC2181B8CCA339DDEEEA6B923C,53,malware,21.11.2019 14:33,2,HEUR:Trojan.Script.Generic
D463BF01B54ADB9E88790DA2C5EC6E5CDC49867F,53,malware,21.11.2019 14:33,2,Trojan.Win32.AdBape.ej
B19C8AD0F66885AB5833C169FBF2270B7FA1BECF,53,malware,21.11.2019 09:11,2,HEUR:Trojan.Script.Generic
09D01C05AAF90F3F4DE3427FF787415A1C6FC5C6,53,malware,21.11.2019 09:11,2,HEUR:Trojan.Script.Generic
6112C0AC8296F5EC2181B8CCA339DDEEEA6B923C,53,malware,21.11.2019 09:11,2,HEUR:Trojan.Script.Generic
44917424B0EADFE990939EDE7CD1EB98CB08F75E,53,malware,21.11.2019 09:11,2,HEUR:Trojan.Script.Generic
6112C0AC8296F5EC2181B8CCA339DDEEEA6B923C,53,malware,21.11.2019 06:01,2,HEUR:Trojan.Script.Generic
09D01C05AAF90F3F4DE3427FF787415A1C6FC5C6,53,malware,21.11.2019 06:01,2,HEUR:Trojan.Script.Generic
6112C0AC8296F5EC2181B8CCA339DDEEEA6B923C,53,malware,25.11.2019 17:45,2,HEUR:Trojan.Script.Generic
09D01C05AAF90F3F4DE3427FF787415A1C6FC5C6,53,malware,25.11.2019 17:45,2,HEUR:Trojan.Script.Generic
6112C0AC8296F5EC2181B8CCA339DDEEEA6B923C,53,malware,22.11.2019 19:53,2,HEUR:Trojan.Script.Generic
09D01C05AAF90F3F4DE3427FF787415A1C6FC5C6,53,malware,22.11.2019 19:53,2,HEUR:Trojan.Script.Generic
44917424B0EADFE990939EDE7CD1EB98CB08F75E,53,malware,22.11.2019 19:53,2,HEUR:Trojan.Script.Generic
6112C0AC8296F5EC2181B8CCA339DDEEEA6B923C,53,malware,20.11.2019 22:05,2,HEUR:Trojan.Script.Generic
09D01C05AAF90F3F4DE3427FF787415A1C6FC5C6,53,malware,20.11.2019 22:05,2,HEUR:Trojan.Script.Generic
BA71BF9F5BCE92B25C643A164B966BBEE4F33EAF,53,malware,08.12.2019 02:19,2,HEUR:Hoax.Script.Loss.gen
09D01C05AAF90F3F4DE3427FF787415A1C6FC5C6,52,malware,21.11.2019 10:36,3,HEUR:Trojan.Script.Generic
6112C0AC8296F5EC2181B8CCA339DDEEEA6B923C,52,malware,21.11.2019 10:36,3,HEUR:Trojan.Script.Generic
AB3B9FA1FCA707D834AF4A16E5069E6A71F31484,52,malware,11.04.2020 03:41,2,HEUR:Trojan.Script.Generic
91152C2BC9D8C69C0FA5B8A5485D98FE65DECB4C,52,malware,11.04.2020 03:41,2,HEUR:Trojan.Script.Generic
CA9F94D516A869445063252E7B62FF8C9DC03E23,52,malware,11.04.2020 03:41,2,HEUR:Trojan.Script.Generic
56AE172800A4CC21D3123785587BB57B07F1281F,52,malware,28.10.2019 13:35,2,HEUR:Trojan.Script.Generic
D1759400594086251BC041D835251F047A25B5DA,52,malware,28.10.2019 13:35,2,HEUR:Hoax.Script.Loss.gen
AB3B9FA1FCA707D834AF4A16E5069E6A71F31484,52,malware,28.10.2019 13:35,2,HEUR:Trojan.Script.Generic
97F6D900FB5AE38590CC1D5BAFF155A3231C98D5,52,malware,28.10.2019 13:35,2,HEUR:Trojan.Script.Generic
5C8EAAE333744F2ADAFA1FE3C7F8758954FB70FA,52,malware,28.10.2019 13:35,2,HEUR:Trojan.Script.Generic
BC7196B48505F5DC4F396ED38CA3BBA55682D196,52,malware,28.10.2019 13:35,2,HEUR:Trojan.Script.Generic
3D5F8CEF12465DA05A96F296AC3C06FC3A4D9141,52,malware,28.10.2019 13:35,2,HEUR:Trojan.Script.Generic
AB3B9FA1FCA707D834AF4A16E5069E6A71F31484,52,malware,22.10.2018 22:33,2,HEUR:Trojan.Script.Generic
91152C2BC9D8C69C0FA5B8A5485D98FE65DECB4C,52,malware,22.10.2018 22:33,2,HEUR:Trojan.Script.Generic
A185836E082074B63A792B61979ABC74872D9808,52,malware,22.10.2018 22:33,2,HEUR:Trojan.Script.Generic
CA9F94D516A869445063252E7B62FF8C9DC03E23,52,malware,22.10.2018 22:33,2,HEUR:Trojan.Script.Generic
D1521B5D4C7B77AF55E8DEEE41A6BF68E838418A,52,malware,22.10.2018 22:33,2,HEUR:Trojan.Script.Generic
1158BC45DBAD0908E0833A6A880C5787584EC071,52,malware,22.10.2018 22:33,2,HEUR:Trojan.Script.Generic
AB3B9FA1FCA707D834AF4A16E5069E6A71F31484,52,malware,23.02.2018 22:51,2,HEUR:Trojan.Script.Generic
F627065A9DE4732DD1B6782A2226F02A93D28636,52,malware,23.02.2018 22:51,2,HEUR:Trojan.Script.Generic
6112C0AC8296F5EC2181B8CCA339DDEEEA6B923C,52,malware,23.11.2019 12:48,2,HEUR:Trojan.Script.Generic
09D01C05AAF90F3F4DE3427FF787415A1C6FC5C6,52,malware,23.11.2019 12:48,2,HEUR:Trojan.Script.Generic
09D01C05AAF90F3F4DE3427FF787415A1C6FC5C6,52,malware,22.11.2019 20:33,2,HEUR:Trojan.Script.Generic
6112C0AC8296F5EC2181B8CCA339DDEEEA6B923C,52,malware,22.11.2019 20:33,2,HEUR:Trojan.Script.Generic
288BB00260982E4FCAE2290A1DC00C21360C39B7,52,malware,22.11.2019 20:33,2,HEUR:Trojan.Script.Generic
35E25CEDD3B4EFC8EE60F9B444A9D57ED36A49BB,52,malware,22.11.2019 20:33,2,HEUR:Trojan.Script.Generic
C8F4B79A669A3057CD715F16EF63295E9A0FC784,52,malware,31.10.2018 02:57,2,UDS:DangerousObject.Multi.Generic
248F138CD42AA19B96C504E13F34F8FC04F657AA,51,malware,21.01.2015 00:00,4,HEUR:Trojan.Script.Generic
C7BA7CAB21482E20566245AB7F228FBA180EC376,51,malware,21.01.2015 00:00,4,HEUR:Trojan.Script.Generic
C51F3E995ABA452B230F91D9F5432D3449555554,51,malware,21.01.2015 00:00,4,HEUR:Trojan.Script.Generic
51CF00BC11A4AA3F3A2E71D1BC251AA50D4CCB5C,51,malware,21.01.2015 00:00,4,HEUR:Trojan.Script.Generic
C90ABC17D71664D9E0A4947EE552721E802D26DE,51,malware,25.02.2020 21:17,3,HEUR:Trojan.Script.Generic
07D37B7CD10DEBFBA1EE2B35A170C7C21B8D5820,51,malware,19.12.2019 07:13,2,HEUR:Trojan-PSW.Script.Generic
A258B05D1FB487C521D9CF52938ACDF1482F319D,51,malware,19.12.2019 07:13,2,HEUR:Trojan-PSW.Script.Generic
2D84F31D6A4B18D841B78066140E0FE32C3C7417,51,malware,19.12.2019 07:13,2,HEUR:Trojan-PSW.Script.Generic
C945178362FA0CB821424F0D461636C42882814C,51,malware,19.12.2019 07:13,2,HEUR:Trojan-PSW.Script.Generic
C0E4257EF05B938A09F64F8898D8D11C5AE44F26,51,malware,19.12.2019 07:13,2,HEUR:Trojan-PSW.Script.Generic
7C59F6BACBA089039D072C33897E5FC676A86A30,51,malware,15.05.2015 00:00,2,HEUR:Trojan.Script.Generic
AF2A688A770C51F213E8B717E42930F8A99BDFCF,51,malware,15.05.2015 00:00,2,HEUR:Trojan.Script.Generic
51CB17B4CB23145B19A8A883968D9B3CAE71BA75,51,malware,15.05.2015 00:00,2,HEUR:Trojan.Script.Generic
9BCB84D226AA3AE93A92705AA35EDB06CE60088F,51,malware,15.05.2015 00:00,2,HEUR:Trojan.Script.Generic
A69270C46C278F256A34A70E3814C02D43918569,51,malware,15.05.2015 00:00,2,Trojan.Script.Agent.bg
37D4604F39F10833DFB7C69BAA148F536A370F8B,51,malware,15.05.2015 00:00,2,HEUR:Exploit.MSOffice.Generic
09D01C05AAF90F3F4DE3427FF787415A1C6FC5C6,51,malware,21.11.2019 02:34,2,HEUR:Trojan.Script.Generic
6112C0AC8296F5EC2181B8CCA339DDEEEA6B923C,51,malware,21.11.2019 02:34,2,HEUR:Trojan.Script.Generic
6112C0AC8296F5EC2181B8CCA339DDEEEA6B923C,51,malware,20.11.2019 23:20,2,HEUR:Trojan.Script.Generic
09D01C05AAF90F3F4DE3427FF787415A1C6FC5C6,51,malware,20.11.2019 23:20,2,HEUR:Trojan.Script.Generic
09D01C05AAF90F3F4DE3427FF787415A1C6FC5C6,51,malware,20.11.2019 21:42,2,HEUR:Trojan.Script.Generic
6112C0AC8296F5EC2181B8CCA339DDEEEA6B923C,51,malware,20.11.2019 21:42,2,HEUR:Trojan.Script.Generic
288BB00260982E4FCAE2290A1DC00C21360C39B7,51,malware,17.03.2020 08:28,2,HEUR:Trojan.Script.Generic
4E9758B01EA7B63940F2D6CAACEFA1A373A37190,51,malware,17.03.2020 08:28,2,HEUR:Trojan.Script.Miner.gen
408961FC89C4E20106B7BD66811AE80B6FDA4C70,51,malware,17.03.2020 08:28,2,HEUR:Trojan.Script.Generic
90AA73E51E104ECFAF1429B907D98F4EB7BAFF06,51,malware,17.03.2020 08:28,2,HEUR:Trojan.Script.Miner.gen
E4394FADD58BDBABE1C63CE446A01F342468EC71,51,malware,17.03.2020 08:28,2,HEUR:Trojan.Script.Miner.gen
12931F86CDC98BF2E9377D107183A108CD8ADFBC,51,malware,17.03.2020 08:28,2,HEUR:Trojan.Script.Miner.gen
146BB7AE33D0E3248062746A44A2D8588EC2B9DF,51,malware,03.12.2019 04:23,2,HEUR:Hoax.Script.Loss.gen
408961FC89C4E20106B7BD66811AE80B6FDA4C70,51,malware,02.04.2020 09:52,2,HEUR:Trojan.Script.Generic
C90ABC17D71664D9E0A4947EE552721E802D26DE,51,malware,02.04.2020 09:52,2,HEUR:Trojan.Script.Generic
09D01C05AAF90F3F4DE3427FF787415A1C6FC5C6,50,malware,28.11.2019 12:08,2,HEUR:Trojan.Script.Generic
6112C0AC8296F5EC2181B8CCA339DDEEEA6B923C,50,malware,28.11.2019 12:08,2,HEUR:Trojan.Script.Generic
44917424B0EADFE990939EDE7CD1EB98CB08F75E,50,malware,25.11.2019 14:33,2,HEUR:Trojan.Script.Generic
09D01C05AAF90F3F4DE3427FF787415A1C6FC5C6,50,malware,21.11.2019 02:37,2,HEUR:Trojan.Script.Generic
6112C0AC8296F5EC2181B8CCA339DDEEEA6B923C,50,malware,21.11.2019 02:37,2,HEUR:Trojan.Script.Generic
35E25CEDD3B4EFC8EE60F9B444A9D57ED36A49BB,50,malware,21.11.2019 02:37,2,HEUR:Trojan.Script.Generic
C90ABC17D71664D9E0A4947EE552721E802D26DE,50,malware,21.11.2019 02:37,2,HEUR:Trojan.Script.Generic
DA38CEF02B524AB2E998E6368A6110393563CF41,50,malware,21.11.2019 02:37,2,HEUR:Trojan.Script.Generic
44917424B0EADFE990939EDE7CD1EB98CB08F75E,50,malware,21.11.2019 02:37,2,HEUR:Trojan.Script.Generic
6112C0AC8296F5EC2181B8CCA339DDEEEA6B923C,50,malware,24.11.2019 23:54,2,HEUR:Trojan.Script.Generic
09D01C05AAF90F3F4DE3427FF787415A1C6FC5C6,50,malware,24.11.2019 23:54,2,HEUR:Trojan.Script.Generic
35E25CEDD3B4EFC8EE60F9B444A9D57ED36A49BB,50,malware,24.11.2019 23:54,2,HEUR:Trojan.Script.Generic
C90ABC17D71664D9E0A4947EE552721E802D26DE,50,malware,22.11.2017 22:07,2,HEUR:Trojan.Script.Generic
288BB00260982E4FCAE2290A1DC00C21360C39B7,50,malware,17.03.2020 23:05,2,HEUR:Trojan.Script.Generic
3BF3142A5B0A1A398AF0B8D4162CFE6752ACBC2B,50,malware,17.03.2020 23:05,2,HEUR:Exploit.Script.Generic
A236528B01C83CDC07E9D3FBCFD41E3470EC3FB2,50,malware,17.03.2020 23:05,2,HEUR:Trojan.Script.Generic
09D01C05AAF90F3F4DE3427FF787415A1C6FC5C6,50,malware,17.03.2020 23:05,2,HEUR:Trojan.Script.Generic
9B98B01500B42BC0F005ED1ABC67FCE3CEEC0E69,50,malware,17.02.2020 23:53,2,HEUR:Trojan.Script.Generic
0A32F9A94067EF131047785FD04C1D5952F181EC,50,malware,17.02.2020 23:53,2,HEUR:Trojan.Script.Generic
23815FAF3ACCFFFB1E72AE9997D54E0F4B5ABDDB,50,malware,17.02.2020 23:53,2,HEUR:Trojan.Script.Generic
92352CB1F7246B432BBB46C6CA06B1D22A70F704,50,malware,17.02.2020 23:53,2,HEUR:Trojan.Script.Agent.gen
4127721B3C9905D56C197A8C672594D9682702C4,50,malware,17.02.2020 23:53,2,HEUR:Hoax.Script.Loss.gen
C90ABC17D71664D9E0A4947EE552721E802D26DE,50,malware,17.02.2020 23:53,2,HEUR:Trojan.Script.Generic
C90ABC17D71664D9E0A4947EE552721E802D26DE,50,malware,18.02.2020 15:03,2,HEUR:Trojan.Script.Generic
